Year,Total Violations,Total Cost ($),Number of Employees,Avg Violations per Employee
2021,1124,20378.5,25,44.96
2022,2554,48955.25,32,79.8125
2023,1438,24324.75,36,39.94444444444444
2024,1090,20280.25,45,24.22222222222222
