Year,Total Violations,Total Cost ($),Number of Employees,Avg Violations per Employee
2021,29,546.0,25,1.16
2022,148,2581.25,32,4.625
2023,148,2841.0,36,4.111111111111111
2024,141,2394.5,45,3.1333333333333333
